mcyB	BDBG01000016.1	36.517	178	110	3	11	185	50941	50408	6.41e-27	117	AWSNGHVIEFDIDANRYSLVDPESSVQLARDRPEISTMALRQVLRSPKELLPRRRNLTDFLNASRIAARMRKASIAEQLEVIEKHARRFGSTEIESTGPSLAELTAVYQHLRSLRVRQPLCLEDSMAGYQFFRRHTSAVQLVIGVRYPPFKAHAWLEADGVLLNDRKETVETMSEIYR
mcyB	NZ_BDBG01000016.1	36.517	178	110	3	11	185	50941	50408	6.41e-27	117	AWSNGHVIEFDIDANRYSLVDPESSVQLARDRPEISTMALRQVLRSPKELLPRRRNLTDFLNASRIAARMRKASIAEQLEVIEKHARRFGSTEIESTGPSLAELTAVYQHLRSLRVRQPLCLEDSMAGYQFFRRHTSAVQLVIGVRYPPFKAHAWLEADGVLLNDRKETVETMSEIYR
mcyB	CVTC01001544.1	39.655	58	35	0	128	185	229	402	0.17	43.1	CLPRSLALTSFLRAAGWPAQHVIGVALYPFEAHAWVELDGVALNESDSALHRFTVIQR
mcyB	BOMB01000007.1	37.705	61	37	1	127	186	123178	122996	0.26	43.1	ACLERSYATCSVLRRHGVPSTMAVGVSRSAPMRFHAWVEVDDEVLNESQPIHRLYRVLCRL
mcyB	NZ_AUWT01000042.1	32.203	118	68	4	77	183	12781	13131	0.29	43.1	WRALRERVGAEQD-LKASFADAYVKYTGPLADCGPPRHAVERVVRQFRKADGLYPAREAPLDCLPRSLALTRFLRMAGWPVRHVIGVALDPFEAHAWVELDGVPLDESPGSLLRYATI
mcyB	LQPC01000054.1	32.203	118	68	4	77	183	67293	66943	0.29	43.1	WRALRERVGAEQD-LKASFADAYVKYTGPLADCGPPRHAVERVVRQFRKADGLYPAREAPLDCLPRSLALTRFLRMAGWPVRHVIGVALDPFEAHAWVELDGVPLDESPGSLLRYATI
mcyB	NZ_LQPC01000054.1	32.203	118	68	4	77	183	67293	66943	0.29	43.1	WRALRERVGAEQD-LKASFADAYVKYTGPLADCGPPRHAVERVVRQFRKADGLYPAREAPLDCLPRSLALTRFLRMAGWPVRHVIGVALDPFEAHAWVELDGVPLDESPGSLLRYATI
mcyB	BNBF01000009.1	27.368	95	68	1	93	186	151418	151702	0.40	42.7	AAPAYARTDLPSPADVARLKSTVEAHGRSSWLVNDDCKTEAVTAFILLRRRGAGAVLHVGVREHPFALHAWTSTAGLCIPDAEPGGHPFAPVLSI
mcyB	NZ_BNBF01000009.1	27.368	95	68	1	93	186	151418	151702	0.40	42.7	AAPAYARTDLPSPADVARLKSTVEAHGRSSWLVNDDCKTEAVTAFILLRRRGAGAVLHVGVREHPFALHAWTSTAGLCIPDAEPGGHPFAPVLSI
mcyB	BMST01000001.1	27.368	95	68	1	93	186	535851	536135	0.40	42.7	AAPAYARTDLPSPADVARLKSTVEAHGRSSWLVNDDCKTEAVTAFILLRRRGAGAVLHVGVREHPFALHAWTSTAGLCIPDAEPGGHPFAPVLSI
mcyB	NZ_BMST01000001.1	27.368	95	68	1	93	186	535851	536135	0.40	42.7	AAPAYARTDLPSPADVARLKSTVEAHGRSSWLVNDDCKTEAVTAFILLRRRGAGAVLHVGVREHPFALHAWTSTAGLCIPDAEPGGHPFAPVLSI
mcyB	MBEL01000020.1	39.655	58	35	0	128	185	60149	60322	0.43	42.7	CLPRSLALTSFLRAAGWPAQHVIGVALYPFEAHAWVELDGVALNESDSALHRFTVIQR
mcyB	NZ_MBEL01000020.1	39.655	58	35	0	128	185	60149	60322	0.43	42.7	CLPRSLALTSFLRAAGWPAQHVIGVALYPFEAHAWVELDGVALNESDSALHRFTVIQR
mcyB	LZKB01000113.1	39.655	58	35	0	128	185	29635	29462	0.43	42.7	CLPRSLALTSFLRAAGWPAQHVIGVALYPFEAHAWVELDGVALNESDSALHRFTVIQR
mcyB	NZ_LZKB01000113.1	39.655	58	35	0	128	185	29635	29462	0.43	42.7	CLPRSLALTSFLRAAGWPAQHVIGVALYPFEAHAWVELDGVALNESDSALHRFTVIQR
mcyB	LQPI01000039.1	39.655	58	35	0	128	185	52084	51911	0.43	42.7	CLPRSLALTSFLRAAGWPAQHVIGVALYPFEAHAWVELDGVALNESDSALHRFTVIQR
mcyB	NZ_LQPI01000039.1	39.655	58	35	0	128	185	52084	51911	0.43	42.7	CLPRSLALTSFLRAAGWPAQHVIGVALYPFEAHAWVELDGVALNESDSALHRFTVIQR
mcyB	VUJZ01000013.1	37.931	58	36	0	128	185	20635	20808	0.65	42.0	CLPRSLALTSFLRAAGWPAQHVIGVAMYPFEAHAWVEVDGVALNESDSVLHRFTVIQR
mcyB	NZ_VUJZ01000013.1	37.931	58	36	0	128	185	20635	20808	0.65	42.0	CLPRSLALTSFLRAAGWPAQHVIGVAMYPFEAHAWVEVDGVALNESDSVLHRFTVIQR
mcyB	NZ_JACBXA010000046.1	34.921	63	37	1	129	187	29722	29910	0.67	42.0	VEDALFVAAGLRALGYPASFHLGREAAPVVAPGGFYAWAQCDGAVVTTSLPVREEYTEVLRTD
mcyB	NC_007333.1	33.696	92	55	3	82	172	1335089	1334829	0.73	42.0	ERIRATLLRLRGEV---RPATYEEAKAARDAVLAVSLRCAGLR--ACLQRSLAIALLCRMRGTWATWCVGVPRRPPFIGHAWVEAEGRLVEE
mcyB	CP063232.1	33.696	92	55	3	82	172	2272401	2272141	0.73	42.0	ERIRATLLRLRGEV---RPATYEEAKAARDAVLAVSLRCAGLR--ACLQRSLAIALLCRMRGTWATWCVGVPRRPPFIGHAWVEAEGRLVEE
mcyB	NZ_CP063232.1	33.696	92	55	3	82	172	2272401	2272141	0.73	42.0	ERIRATLLRLRGEV---RPATYEEAKAARDAVLAVSLRCAGLR--ACLQRSLAIALLCRMRGTWATWCVGVPRRPPFIGHAWVEAEGRLVEE
mcyB	SRID01000266.1	31.731	104	64	3	84	187	3038	3328	0.82	41.6	IRTALHLIRTGA---RPATAAQARSARDAVVTVSTRCAGQH---CLQRSLATALLCRMTGAWPTWHTGVRTAPFRAHAWVEVDGRPIGE-PHPADYYTPTLTVG
mcyB	NZ_SRID01000266.1	31.731	104	64	3	84	187	3038	3328	0.82	41.6	IRTALHLIRTGA---RPATAAQARSARDAVVTVSTRCAGQH---CLQRSLATALLCRMTGAWPTWHTGVRTAPFRAHAWVEVDGRPIGE-PHPADYYTPTLTVG
mcyB	BMSS01000003.1	33.663	101	60	3	84	184	185381	185662	0.91	41.6	LRKVLEFTRRGA---RPATADQALAAREAVVSV---SLRCAGQGCLQRSIATALLCRARGAWPTWCTGVRTHPFAAHAWVEADDHPVGE-PHPKGHYKPLI
mcyB	NZ_BMSS01000003.1	33.663	101	60	3	84	184	185381	185662	0.91	41.6	LRKVLEFTRRGA---RPATADQALAAREAVVSV---SLRCAGQGCLQRSIATALLCRARGAWPTWCTGVRTHPFAAHAWVEADDHPVGE-PHPKGHYKPLI
mcyB	BLIP01000001.1	33.663	101	60	3	84	184	3807378	3807659	0.91	41.6	LRKVLEFTRRGA---RPATADQALAAREAVVSV---SLRCAGQGCLQRSIATALLCRARGAWPTWCTGVRTHPFAAHAWVEADDHPVGE-PHPKGHYKPLI
mcyB	NZ_BLIP01000001.1	33.663	101	60	3	84	184	3807378	3807659	0.91	41.6	LRKVLEFTRRGA---RPATADQALAAREAVVSV---SLRCAGQGCLQRSIATALLCRARGAWPTWCTGVRTHPFAAHAWVEADDHPVGE-PHPKGHYKPLI
mcyB	JUJA01000166.1	28.889	90	63	1	99	187	59779	59510	0.98	41.6	RADPASAGEVARLKRAVQSHSRRSWLVNDDCKAEAVTAFVLLRRRGLTAVLHVGVRESPFALHAWTSSAGLCVPDADPRGHEFTPVLSID
mcyB	NZ_JUJA01000166.1	28.889	90	63	1	99	187	59779	59510	0.98	41.6	RADPASAGEVARLKRAVQSHSRRSWLVNDDCKAEAVTAFVLLRRRGLTAVLHVGVRESPFALHAWTSSAGLCVPDADPRGHEFTPVLSID
mcyB	ONLN01000274.1	33.696	92	55	3	82	172	4040	4300	1.1	41.2	ERIRATLLRLRGEV---RPATYEEAKAARDAVLAVSLRCAGLR--ACLQRSLAIALLCRMRGTWATWCVGVPRRPPFIGHAWVEAEGRLVEE
mcyB	NZ_ONLN01000274.1	33.696	92	55	3	82	172	4040	4300	1.1	41.2	ERIRATLLRLRGEV---RPATYEEAKAARDAVLAVSLRCAGLR--ACLQRSLAIALLCRMRGTWATWCVGVPRRPPFIGHAWVEAEGRLVEE
mcyB	QGVG01000128.1	33.696	92	55	3	82	172	4886	5146	1.1	41.2	ERIRATLLRLRGEV---RPATYEEAKAARDAVLAVSLRCAGLR--ACLQRSLAIALLCRMRGTWATWCVGVPRRPPFIGHAWVEAEGRLVEE
mcyB	SNYN01000018.1	35.849	106	59	5	84	187	27079	26783	1.1	41.2	IRSVLERLRRGAA---PATYAQAKAARDAVLAV---SLRCAGPEACLPRSLAVALVCRSRGVWATWCVGVPRRPPFGAHAWVEADGLPVEEGV-GPDHYSRLFAVD
mcyB	NZ_SNYN01000018.1	35.849	106	59	5	84	187	27079	26783	1.1	41.2	IRSVLERLRRGAA---PATYAQAKAARDAVLAV---SLRCAGPEACLPRSLAVALVCRSRGVWATWCVGVPRRPPFGAHAWVEADGLPVEEGV-GPDHYSRLFAVD
mcyB	NZ_AOSG01000028.1	33.696	92	55	3	82	172	8837	8577	1.1	41.2	ERIRATLLRLRGEV---RPATYEEAKAARDAVLAVSLRCAGLR--ACLQRSLAIALLCRMRGTWATWCVGVPRRPPFIGHAWVEAEGRLVEE
mcyB	JEMR01000033.1	33.696	92	55	3	82	172	28193	28453	1.1	41.2	ERIRATLLRLRGEV---RPATYEEAKAARDAVLAVSLRCAGLR--ACLQRSLAIALLCRMRGTWATWCVGVPRRPPFIGHAWVEAEGRLVEE
mcyB	NZ_JEMR01000033.1	33.696	92	55	3	82	172	28193	28453	1.1	41.2	ERIRATLLRLRGEV---RPATYEEAKAARDAVLAVSLRCAGLR--ACLQRSLAIALLCRMRGTWATWCVGVPRRPPFIGHAWVEAEGRLVEE
mcyB	BCWB01000012.1	33.696	92	55	3	82	172	1174	1434	1.1	41.2	ERIRATLLRLRGEV---RPATYEEAKAARDAVLAVSLRCAGLR--ACLQRSLAIALLCRMRGTWATWCVGVPRRPPFIGHAWVEAEGRLVEE
mcyB	NZ_BCWB01000012.1	33.696	92	55	3	82	172	1174	1434	1.1	41.2	ERIRATLLRLRGEV---RPATYEEAKAARDAVLAVSLRCAGLR--ACLQRSLAIALLCRMRGTWATWCVGVPRRPPFIGHAWVEAEGRLVEE
mcyB	LQOT01000011.1	37.500	56	35	0	128	183	32069	31902	1.2	41.2	CLPRSLALTRFLRTAGWPAQHVIGVALYPFEAHAWVELDGVALNESAAVLQRFTVI
mcyB	NZ_LQOT01000011.1	37.500	56	35	0	128	183	32069	31902	1.2	41.2	CLPRSLALTRFLRTAGWPAQHVIGVALYPFEAHAWVELDGVALNESAAVLQRFTVI
mcyB	WOTN01000003.1	29.825	114	73	3	73	186	380517	380197	1.2	41.2	AFLLARLRPDRLRQ---VLRTVARRAKPATVAQASAARAKVTSV---SLRCATEHCLQRSIAAALLCRLGGAWPTFCTGVRTAPFAAHAWIEVDGEPI-DEPTSTAGFHVLIRI
mcyB	BAGN01000402.1	42.000	50	28	1	125	173	15161	15310	1.3	41.2	RYGCLVRSVATALLSRRYGAWTTWCVGVRTELPFAAHAWVEADGRLVGEA
mcyB	NZ_BAGN01000402.1	42.000	50	28	1	125	173	15161	15310	1.3	41.2	RYGCLVRSVATALLSRRYGAWTTWCVGVRTELPFAAHAWVEADGRLVGEA
mcyB	JOBE01000043.1	34.783	69	45	0	116	184	46020	45814	1.4	41.2	RHAAWLSPGRTACLEESAAAVMLLAARGLSVTWCHGVAPDPVRLHAWVQTEDGMLVAEPESTRAYTPVL
mcyB	VIWX01000001.1	44.681	47	25	1	127	172	1066177	1066037	1.4	40.8	ACLPRSIAVALLCRARSHWPTWCVGVIAAPPFMAHAWVEADGVMVDE
mcyB	NZ_VIWX01000001.1	44.681	47	25	1	127	172	1066177	1066037	1.4	40.8	ACLPRSIAVALLCRARSHWPTWCVGVIAAPPFMAHAWVEADGVMVDE
mcyB	CP029617.1	30.693	101	64	2	84	184	81806	81522	1.4	40.8	VRRVLRFL---SARARPAGHEQALRARKAVVAA---SVRCAGPWCLPRSIATALLCRVGGTWPDWHAGVCAEPFRAHAWVVADGEPVGENKASLVPFRSVI
mcyB	OIFR01000015.1	40.816	49	28	1	125	172	756941	757087	1.5	40.8	RFGCLTRSVATTLLSRRYGAWTTWCVGVRTELPFAAHAWVEADGKLVGE
mcyB	LT985361.1	40.816	49	28	1	125	172	5583631	5583777	1.5	40.8	RFGCLTRSVATTLLSRRYGAWTTWCVGVRTELPFAAHAWVEADGKLVGE
mcyB	NZ_LT985361.1	40.816	49	28	1	125	172	5583631	5583777	1.5	40.8	RFGCLTRSVATTLLSRRYGAWTTWCVGVRTELPFAAHAWVEADGKLVGE
mcyB	ASQP01000352.1	28.000	125	86	2	61	184	3949	4314	1.5	40.8	PPPLWIRPLARSAVLLARGIAKLSPERQFALLGAFRRGARASSADEAHRARNAVLFV---SVMCTGPWCLQRSMATALLCRICGTWPEWCVGVRTEPFSAHAWVQVDGIPIDEDTEQLESFHKMV
mcyB	NZ_ASQP01000352.1	28.000	125	86	2	61	184	3949	4314	1.5	40.8	PPPLWIRPLARSAVLLARGIAKLSPERQFALLGAFRRGARASSADEAHRARNAVLFV---SVMCTGPWCLQRSMATALLCRICGTWPEWCVGVRTEPFSAHAWVQVDGIPIDEDTEQLESFHKMV
mcyB	NZ_QZEY01000007.1	31.683	101	66	2	75	174	92638	92342	1.5	40.8	LAFPLSRLPPRRLRAVLALVSRGARPADHARAEAARDAVLAVSLACLGSQ--GCLPRSLATALLCRMWGVWPTWCAGVRAKPPFGAHAWVEAEGLPVGEAS
mcyB	QZEY01000007.1	31.683	101	66	2	75	174	92638	92342	1.5	40.8	LAFPLSRLPPRRLRAVLALVSRGARPADHARAEAARDAVLAVSLACLGSQ--GCLPRSLATALLCRMWGVWPTWCAGVRAKPPFGAHAWVEAEGLPVGEAS
mcyB	MAXF01000180.1	28.000	125	86	2	61	184	49654	49289	1.6	40.8	PPPLWIRPLARSAVLLARGIAKLSPERQFALLGAFRRGARASSADEAHRARNAVLFV---SVMCTGPWCLQRSMATALLCRICGTWPEWCVGVRTEPFSAHAWVQVDGIPIDEDTEQLESFHKMV
mcyB	NZ_MAXF01000180.1	28.000	125	86	2	61	184	49654	49289	1.6	40.8	PPPLWIRPLARSAVLLARGIAKLSPERQFALLGAFRRGARASSADEAHRARNAVLFV---SVMCTGPWCLQRSMATALLCRICGTWPEWCVGVRTEPFSAHAWVQVDGIPIDEDTEQLESFHKMV
mcyB	LMWG01002337.1	36.207	58	36	1	127	184	9345	9175	1.6	40.8	SCLQRSLATALLCRLRGTWPTWHTGVRTRPFGAHAWVEADGAPIGE-RHPADYYTPIL
mcyB	RBXO01000001.1	32.222	90	58	1	83	172	3854935	3855195	1.7	40.8	PPRWIRSALVAVSTGARPASYAEAESARGTVIAV---SLRCAGPGCLPRSIATALLCRLRGAWPTWRVGVRTSPFGAHAWVEAEGRPVGE
mcyB	NZ_RBXO01000001.1	32.222	90	58	1	83	172	3854935	3855195	1.7	40.8	PPRWIRSALVAVSTGARPASYAEAESARGTVIAV---SLRCAGPGCLPRSIATALLCRLRGAWPTWRVGVRTSPFGAHAWVEAEGRPVGE
mcyB	NZ_AOPZ01000109.1	30.693	101	63	2	84	184	146387	146668	1.7	40.8	VRAVLEFLRRGAGPATAEQTAAARRDIVSV------SLRCAGQACLQRSIATALLCRGRGVWPTWCTGVRTSPFQAHAWVEAEGGPVGE-PHPAGHYRTLL
mcyB	FNHE01000002.1	37.931	58	35	1	127	184	317187	317017	1.8	40.8	GCLPRSIATALLCRVEGAWPTWRVGVVTGPFAAHAWVEAEDRIV-DEPPGVESFRVLM
mcyB	NZ_FNHE01000002.1	37.931	58	35	1	127	184	317187	317017	1.8	40.8	GCLPRSIATALLCRVEGAWPTWRVGVVTGPFAAHAWVEAEDRIV-DEPPGVESFRVLM
mcyB	JRMK01000164.1	37.500	56	35	0	128	183	772	939	1.9	40.4	CLPRSLALTRFLRTAGWPAQHVIGVALYPFEAHAWVELDGVALNESTSVLRRFTVI
mcyB	JROO01000009.1	32.787	61	40	1	127	187	11421	11242	2.0	40.4	GCVPRSVATFLLARSYGSVSSWRAGIRPNPFLAHAWVEVDGVPV-DEPEAVRDFIPTLKVD
mcyB	NZ_JROO01000009.1	32.787	61	40	1	127	187	11421	11242	2.0	40.4	GCVPRSVATFLLARSYGSVSSWRAGIRPNPFLAHAWVEVDGVPV-DEPEAVRDFIPTLKVD
mcyB	FUWS01000008.1	31.461	89	58	2	99	186	219266	219006	2.1	40.4	RPASYSEAKAARDAVLAVSLRCAGPK--ACLPRSLAVTLLCRMRGTRVSWCVGVLRRPPFMAHAWVEAEGRMVGEGRGERGDSEHFSKL
mcyB	NZ_FUWS01000008.1	31.461	89	58	2	99	186	219266	219006	2.1	40.4	RPASYSEAKAARDAVLAVSLRCAGPK--ACLPRSLAVTLLCRMRGTRVSWCVGVLRRPPFMAHAWVEAEGRMVGEGRGERGDSEHFSKL
mcyB	WHPN01000274.1	34.444	90	53	3	84	172	4152	4406	2.3	40.4	IRAVLDVVRRGA---RPAGTTQARAAREAMCAVSLRCLGPK--GCLPRSLGAALLCRLGGTWPTWCTGVRVVPPFTAHAWIEADGRPVGE
mcyB	NZ_WHPN01000274.1	34.444	90	53	3	84	172	4152	4406	2.3	40.4	IRAVLDVVRRGA---RPAGTTQARAAREAMCAVSLRCLGPK--GCLPRSLGAALLCRLGGTWPTWCTGVRVVPPFTAHAWIEADGRPVGE
mcyB	PDIX01000404.1	34.444	90	53	3	84	172	17744	17490	2.3	40.4	IRAVLDVVRRGA---RPAGTTQARAAREAMCAVSLRCLGPK--GCLPRSLGAALLCRLGGTWPTWCTGVRVVPPFTAHAWIEADGRPVGE
mcyB	NZ_PDIX01000404.1	34.444	90	53	3	84	172	17744	17490	2.3	40.4	IRAVLDVVRRGA---RPAGTTQARAAREAMCAVSLRCLGPK--GCLPRSLGAALLCRLGGTWPTWCTGVRVVPPFTAHAWIEADGRPVGE
mcyB	KB891808.1	41.509	53	30	1	127	178	172943	173101	2.3	40.4	GCLPRSVAIALLCRTRGTWPTWHAGVRAAPPFAPHAWVQTGDRMVGERAEAGE
mcyB	NZ_KB891808.1	41.509	53	30	1	127	178	172943	173101	2.3	40.4	GCLPRSVAIALLCRTRGTWPTWHAGVRAAPPFAPHAWVQTGDRMVGERAEAGE
mcyB	NZ_WWGC01000006.1	41.509	53	30	1	127	178	172943	173101	2.3	40.4	GCLPRSVAIALLCRTRGTWPTWHAGVRAAPPFAPHAWVQTGDRMVGERAEAGE
mcyB	LMWY01000064.1	33.684	95	60	2	79	172	96691	96413	2.3	40.4	LSRKSPRQLRKLLGRLAAGARPASYSEAKLARDQILTASPRCRGGS--ACLVRSLSVALLCRSRGVWPTWCVGVIATPPFSAHAWVEADGRVVDE
mcyB	KQ948947.1	33.684	95	60	2	79	172	96691	96413	2.3	40.4	LSRKSPRQLRKLLGRLAAGARPASYSEAKLARDQILTASPRCRGGS--ACLVRSLSVALLCRSRGVWPTWCVGVIATPPFSAHAWVEADGRVVDE
mcyB	NZ_KQ948947.1	33.684	95	60	2	79	172	96691	96413	2.3	40.4	LSRKSPRQLRKLLGRLAAGARPASYSEAKLARDQILTASPRCRGGS--ACLVRSLSVALLCRSRGVWPTWCVGVIATPPFSAHAWVEADGRVVDE
mcyB	FMZZ01000013.1	43.750	48	27	0	125	172	130716	130859	2.4	40.4	RAACLEESTAAVLLLAAYRLQVTWCHGVAADPIRLHAWVETDHGPVSE
mcyB	NZ_FMZZ01000013.1	43.750	48	27	0	125	172	130716	130859	2.4	40.4	RAACLEESTAAVLLLAAYRLQVTWCHGVAADPIRLHAWVETDHGPVSE
mcyB	LGEA01000025.1	34.426	61	36	1	129	185	52000	52182	2.5	40.4	VEDALFMTAALRTLGHPVTFHLGREKAPLVAPGGFYAWAQYGDEVLTTSLPVREEYTEVLR
mcyB	NZ_LGEA01000025.1	34.426	61	36	1	129	185	52000	52182	2.5	40.4	VEDALFMTAALRTLGHPVTFHLGREKAPLVAPGGFYAWAQYGDEVLTTSLPVREEYTEVLR
mcyB	SOAT01000015.1	34.426	61	36	1	129	185	29648	29466	2.5	40.4	VEDALFMTAALRTLGHPVTFHLGREKAPLVAPGGFYAWAQYGDEVLTTSLPVREEYTEVLR
mcyB	NZ_SOAT01000015.1	34.426	61	36	1	129	185	29648	29466	2.5	40.4	VEDALFMTAALRTLGHPVTFHLGREKAPLVAPGGFYAWAQYGDEVLTTSLPVREEYTEVLR
mcyB	SRID01000142.1	35.000	60	38	1	127	186	9833	10009	2.6	40.0	ACLPRSLATALLCRMRGTWPTWHTGVRTQPFGAHAWVEADGAPIGE-RHPADYYTPIITV
mcyB	NZ_SRID01000142.1	35.000	60	38	1	127	186	9833	10009	2.6	40.0	ACLPRSLATALLCRMRGTWPTWHTGVRTQPFGAHAWVEADGAPIGE-RHPADYYTPIITV
mcyB	JOJB01000036.1	34.426	61	36	1	129	185	13473	13291	2.7	40.0	VEDALFMTAALRNLGHPVTFHLGREKAPLVAPGGFYAWAQYGDEVLTTSLPVREEYTEVLR
mcyB	NZ_JOJB01000036.1	34.426	61	36	1	129	185	13473	13291	2.7	40.0	VEDALFMTAALRNLGHPVTFHLGREKAPLVAPGGFYAWAQYGDEVLTTSLPVREEYTEVLR
mcyB	CP029607.1	33.898	59	39	0	126	184	4008227	4008403	2.9	40.0	PRCLQRSIAAALLCRLRGTWPQWRTGVVTQPFAAHAWIAVDGEPVGEDAGAVRDFSVVM
mcyB	JOCI01001506.1	38.596	57	34	1	128	184	449	282	2.9	39.7	CLQRSLATALLCRLGGAWPTWCTGVRTPPFAAHAWVEADGRRVGEPED-TADYRTLL
mcyB	NC_013093.1	33.898	59	39	0	126	184	3906964	3907140	3.1	40.0	PRCLQRSIAAALLCRLRGTWPQWRTGVVTQPFAAHAWIAVDGEPVGEDAGAVRDFSVVM
mcyB	QFNH01000291.1	37.500	56	35	0	128	183	3045	2878	3.2	40.0	CLPRSLALTRFLRLAGWPAEHVIGVALHPFEAHAWVEVDGAAIDENPASLHRYTPI
mcyB	VJWX01000241.1	27.619	105	71	1	88	187	4428	4114	3.3	40.0	LRFDRITAIVRWLINARPRHASPSEIARTLRGIDAGARLVPVRVACLERSLAGVLLLAARRRGVTWQMGIRTPPLASHAWLSDPDGEPIGEASSTMQYRTILKIS
mcyB	NZ_VJWX01000241.1	27.619	105	71	1	88	187	4428	4114	3.3	40.0	LRFDRITAIVRWLINARPRHASPSEIARTLRGIDAGARLVPVRVACLERSLAGVLLLAARRRGVTWQMGIRTPPLASHAWLSDPDGEPIGEASSTMQYRTILKIS
mcyB	FNDJ01000037.1	26.316	114	81	1	75	188	22300	21968	3.3	40.0	LAWPLARLSPHRLSAVLRFLSRGARPATAAQAERARDAILGL---SLRHGGPRCLERSIAIALMCRLGGGWPDWCTGVSTHPFEAHAWVEADGHAIGENPDEIAHFFITMKVSV
mcyB	NZ_FNDJ01000037.1	26.316	114	81	1	75	188	22300	21968	3.3	40.0	LAWPLARLSPHRLSAVLRFLSRGARPATAAQAERARDAILGL---SLRHGGPRCLERSIAIALMCRLGGGWPDWCTGVSTHPFEAHAWVEADGHAIGENPDEIAHFFITMKVSV
mcyB	VHQN01000030.1	32.673	101	61	3	84	184	15611	15892	3.4	40.0	LRKVLEFTRRGA---RPATADQALAAREAVVSV---SLRCAGQGCLQRSIATALLCRARGAWPTWCTGVRTHPFAAHAWVEADNHPVGEP-HPKGHYKPLI
mcyB	NZ_VHQN01000030.1	32.673	101	61	3	84	184	15611	15892	3.4	40.0	LRKVLEFTRRGA---RPATADQALAAREAVVSV---SLRCAGQGCLQRSIATALLCRARGAWPTWCTGVRTHPFAAHAWVEADNHPVGEP-HPKGHYKPLI
mcyB	JNYI01003049.1	29.293	99	67	1	75	173	2308	2021	3.4	39.7	LARVLERLPPRKLRVLLTKLSRGARPATVRQAEAARAEVLAV---SVRCSGKGCLQRSLATALLCRIRGTWPTWCTGVRINPFSAHAWVQVNDTLIGES
mcyB	LGEM01000006.1	34.375	96	55	4	80	172	1821	1549	3.4	40.0	RRSPERIRATLRRLRGTV---RPATYPEAKAARDAVLAVSLRCAGLE--ACLQRSLAVALLCRMRGTWATWCVGVPRRPPFAGHAWVEAEGRLVEE
mcyB	NZ_AQWO01000008.1	32.673	101	61	3	84	184	252774	252493	3.4	40.0	LRKVLEFTRRGA---RPATADQALAAREAVVSV---SLRCAGQGCLQRSIATALLCRARGAWPTWCTGVRTHPFAAHAWVEADNHPVGEP-HPKGHYKPLI
mcyB	NZ_WWGG01000053.1	32.673	101	61	3	84	184	252774	252493	3.4	40.0	LRKVLEFTRRGA---RPATADQALAAREAVVSV---SLRCAGQGCLQRSIATALLCRARGAWPTWCTGVRTHPFAAHAWVEADNHPVGEP-HPKGHYKPLI
mcyB	KQ950183.1	34.375	96	55	4	80	172	153347	153075	3.4	40.0	RRSPERIRATLRRLRGTV---RPATYPEAKAARDAVLAVSLRCAGLE--ACLQRSLAVALLCRMRGTWATWCVGVPRRPPFAGHAWVEAEGRLVEE
mcyB	NZ_KQ950183.1	34.375	96	55	4	80	172	153347	153075	3.4	40.0	RRSPERIRATLRRLRGTV---RPATYPEAKAARDAVLAVSLRCAGLE--ACLQRSLAVALLCRMRGTWATWCVGVPRRPPFAGHAWVEAEGRLVEE
mcyB	JOJF01000002.1	40.816	49	28	1	125	172	83666	83520	3.4	40.0	RYGCLTRSVATTLLSRRYGAWTTWCVGVRTELPFAAHAWVEADGKLVGE
mcyB	NZ_JOJF01000002.1	40.816	49	28	1	125	172	83666	83520	3.4	40.0	RYGCLTRSVATTLLSRRYGAWTTWCVGVRTELPFAAHAWVEADGKLVGE
mcyB	NZ_JADLSE010000001.1	40.816	49	28	1	125	172	1200072	1199926	3.4	40.0	RYGCLTRSVATTLLSRRYGAWTTWCVGVRTELPFAAHAWVEADGKLVGE
mcyB	BCQU01000069.1	37.705	61	34	1	129	185	2135	1953	3.4	40.0	VDDSVFLTAGLRRLGIPATFHLGRELAPAKPPAGYFAWVQHGDEVVSTSLPVRDEYIEIHR
mcyB	NZ_BCQU01000069.1	37.705	61	34	1	129	185	2135	1953	3.4	40.0	VDDSVFLTAGLRRLGIPATFHLGRELAPAKPPAGYFAWVQHGDEVVSTSLPVRDEYIEIHR
mcyB	OOHJ01000010.1	32.759	58	38	1	127	183	11621	11448	3.4	40.0	GCLPRSIATALACRALYLTWPTWRVGMRYPPLMSHAWVQADGQPIGDDPEVIAAYTPT
mcyB	NZ_OOHJ01000010.1	32.759	58	38	1	127	183	11621	11448	3.4	40.0	GCLPRSIATALACRALYLTWPTWRVGMRYPPLMSHAWVQADGQPIGDDPEVIAAYTPT
mcyB	PVNI01000006.1	37.705	61	34	1	129	185	193118	193300	3.4	40.0	VDDSVFLTAGLRRLGIPATFHLGRELAPAKPPAGYFAWVQHGDEVVSTSLPVRDEYIEIHR
mcyB	CP017717.1	32.759	58	38	1	127	183	3517198	3517371	3.4	40.0	GCLPRSIATALACRALYLTWPTWRVGMRYPPLMSHAWVQADGQPIGDDPEVIAAYTPT
mcyB	NZ_CP017717.1	32.759	58	38	1	127	183	3517198	3517371	3.4	40.0	GCLPRSIATALACRALYLTWPTWRVGMRYPPLMSHAWVQADGQPIGDDPEVIAAYTPT
mcyB	LZSP01000106.1	40.816	49	28	1	125	172	26405	26259	3.6	39.7	RYGCLTRSVATTLLSRRYGAWTTWCVGVRTELPFAAHAWVEADGKLVGE
mcyB	NZ_LZSP01000106.1	40.816	49	28	1	125	172	26405	26259	3.6	39.7	RYGCLTRSVATTLLSRRYGAWTTWCVGVRTELPFAAHAWVEADGKLVGE
mcyB	LZML01000124.1	40.816	49	28	1	125	172	47083	47229	3.6	39.7	RYGCLTRSVATTLLSRRYGAWTTWCVGVRTELPFAAHAWVEADGKLVGE
mcyB	NZ_LZML01000124.1	40.816	49	28	1	125	172	47083	47229	3.6	39.7	RYGCLTRSVATTLLSRRYGAWTTWCVGVRTELPFAAHAWVEADGKLVGE
mcyB	LZIG01000271.1	40.816	49	28	1	125	172	108235	108089	3.6	39.7	RYGCLTRSVATTLLSRRYGAWTTWCVGVRTELPFAAHAWVEADGKLVGE
mcyB	NZ_LZIG01000271.1	40.816	49	28	1	125	172	108235	108089	3.6	39.7	RYGCLTRSVATTLLSRRYGAWTTWCVGVRTELPFAAHAWVEADGKLVGE
mcyB	QFPC01000244.1	42.553	47	26	1	127	172	5018	5158	3.6	39.7	ACLIRSVAAMLLCRQRGYAPTWCVGVVATPPFAAHAWIEADDRIVDE
mcyB	NZ_JADLQW010000001.1	40.816	49	28	1	125	172	439097	438951	3.7	39.7	RYGCLTRSVATTLLSRRYGAWTTWCVGVRTELPFAAHAWVEADGKLVGE
mcyB	KL571000.1	29.293	99	67	1	75	173	2308	2021	3.7	39.7	LARVLERLPPRKLRVLLTKLSRGARPATVRQAEAARAEVLAV---SVRCSGKGCLQRSLATALLCRIRGTWPTWCTGVRINPFSAHAWVQVNDTLIGES
mcyB	MVFC01000036.1	28.037	107	76	1	80	186	78138	78455	3.7	39.7	RRATMRRITNVLRSAASTCR-QPATHDQAEAAVHAVRRVGWYSPARTACLEESAAAVLLLASRRLSATWCHGVAPDPIRLHAWVQTDDGVAAAEPSSTLAYTPALTI
mcyB	NZ_MVFC01000036.1	28.037	107	76	1	80	186	78138	78455	3.7	39.7	RRATMRRITNVLRSAASTCR-QPATHDQAEAAVHAVRRVGWYSPARTACLEESAAAVLLLASRRLSATWCHGVAPDPIRLHAWVQTDDGVAAAEPSSTLAYTPALTI
mcyB	CP045178.1	28.037	107	76	1	80	186	3107826	3107509	3.7	39.7	RRATMRRITNVLRSAASTCR-QPATHDQAEAAVHAVRRVGWYSPARTACLEESAAAVLLLASRRLSATWCHGVAPDPIRLHAWVQTDDGVAAAEPSSTLAYTPALTI
mcyB	NZ_CP045178.1	28.037	107	76	1	80	186	3107826	3107509	3.7	39.7	RRATMRRITNVLRSAASTCR-QPATHDQAEAAVHAVRRVGWYSPARTACLEESAAAVLLLASRRLSATWCHGVAPDPIRLHAWVQTDDGVAAAEPSSTLAYTPALTI
mcyB	LGUT01003020.1	40.000	50	30	0	128	177	403	552	3.7	39.3	CLQRSLATALLCRLGGVWPTWCTGVRTPPFAAHAWVEADGLRVGEPEEAA
mcyB	BMMK01000003.1	40.816	49	28	1	125	172	88236	88382	3.8	39.7	REGCLRRSITVALLCRLRGSWPTWHVGVRAVPPFAAHAWVEAEGIPVGE
mcyB	NZ_BMMK01000003.1	40.816	49	28	1	125	172	88236	88382	3.8	39.7	REGCLRRSITVALLCRLRGSWPTWHVGVRAVPPFAAHAWVEAEGIPVGE
mcyB	CP029541.1	32.673	101	61	3	84	184	5440730	5440449	3.9	39.7	LRKVLEFTRRGA---RPATADQALAAREAVVSV---SLRCAGQGCLQRSIATALLCRARGAWPTWCTGVRTHPFAAHAWVEADNHPVGEP-HPKGHYKPLI
mcyB	MAUB01000029.1	42.553	47	26	1	127	172	11043	10903	4.0	39.7	ACLIRSVAAMLLCRQRGYAPTWCVGVVATPPFAAHAWIEADDRIVDE
mcyB	NZ_MAUB01000029.1	42.553	47	26	1	127	172	11043	10903	4.0	39.7	ACLIRSVAAMLLCRQRGYAPTWCVGVVATPPFAAHAWIEADDRIVDE
mcyB	MKQR01000015.1	35.088	57	36	1	128	184	28678	28511	4.1	39.7	CLQRSVATALLCRARGAWPTWQTGVRTEPFTAHAWVSVDGVPIGEAPH-LCAYTPIM
mcyB	NZ_MKQR01000015.1	35.088	57	36	1	128	184	28678	28511	4.1	39.7	CLQRSVATALLCRARGAWPTWQTGVRTEPFTAHAWVSVDGVPIGEAPH-LCAYTPIM
mcyB	MOEP01000044.1	31.915	94	61	1	79	172	87656	87384	4.1	39.7	IGRLPPRRIRSLLGVFARGARPAGYAEASSARRTVMAV---SVRCAGEGCLPRSIATALLCRVHGSWPTWHAGVRTIPFRAHAWVEAEGRPVDE
mcyB	NZ_MOEP01000044.1	31.915	94	61	1	79	172	87656	87384	4.1	39.7	IGRLPPRRIRSLLGVFARGARPAGYAEASSARRTVMAV---SVRCAGEGCLPRSIATALLCRVHGSWPTWHAGVRTIPFRAHAWVEAEGRPVDE
mcyB	AP017894.1	42.553	47	26	1	127	172	1033427	1033567	4.1	39.7	ACLIRSVAAMLLCRQRGYAPTWCVGVVATPPFAAHAWIEADDRIVDE
mcyB	MSKQ01000001.1	42.553	47	26	1	127	172	81798	81938	4.1	39.7	ACLIRSVAAMLLCRQRGYAPTWCVGVVATPPFAAHAWIEADDRIVDE
mcyB	NZ_MSKQ01000001.1	42.553	47	26	1	127	172	81798	81938	4.1	39.7	ACLIRSVAAMLLCRQRGYAPTWCVGVVATPPFAAHAWIEADDRIVDE
mcyB	JOFN01000002.1	40.000	50	30	0	128	177	317854	317705	4.1	39.7	CLQRSLATALLCRLGGVWPTWCTGVRTPPFAAHAWVEADGLRVGEPEEAA
mcyB	NZ_JOFN01000002.1	40.000	50	30	0	128	177	317854	317705	4.1	39.7	CLQRSLATALLCRLGGVWPTWCTGVRTPPFAAHAWVEADGLRVGEPEEAA
mcyB	JOBF01000003.1	40.000	50	30	0	128	177	689119	689268	4.1	39.7	CLQRSLATALLCRLGGVWPTWCTGVRTPPFAAHAWVEADGLRVGEPEEAA
mcyB	NZ_JOBF01000003.1	40.000	50	30	0	128	177	689119	689268	4.1	39.7	CLQRSLATALLCRLGGVWPTWCTGVRTPPFAAHAWVEADGLRVGEPEEAA
mcyB	BOOW01000032.1	40.426	47	27	1	127	172	98480	98620	4.2	39.7	GCLMRSIGTALMCRIFGVWPTWCVGVRTEPPFEAHAWVEAEGQLVNE
mcyB	CP014232.1	42.553	47	26	1	127	172	1279359	1279499	4.4	39.7	ACLIRSVAAMLLCRQRGYAPTWCVGVVATPPFAAHAWIEADDRIVDE
mcyB	NZ_CP014232.1	42.553	47	26	1	127	172	1279359	1279499	4.4	39.7	ACLIRSVAAMLLCRQRGYAPTWCVGVVATPPFAAHAWIEADDRIVDE
mcyB	BABV01000060.1	42.553	47	26	1	127	172	3753	3893	4.4	39.7	ACLIRSVAAMLLCRQRGYAPTWCVGVVATPPFAAHAWIEADDRIVDE
mcyB	LZMK01000235.1	40.816	49	28	1	125	172	110271	110417	4.4	39.7	RYGCLTRSVATTLLSRRYGAWTTWCVGVRTELPFAAHAWVEADGKLVGE
mcyB	NZ_LZMK01000235.1	40.816	49	28	1	125	172	110271	110417	4.4	39.7	RYGCLTRSVATTLLSRRYGAWTTWCVGVRTELPFAAHAWVEADGKLVGE
mcyB	NZ_JACCKD010000005.1	30.159	126	84	3	64	186	329172	328798	4.4	39.7	DVVRS-VRTLHLAETIRRRLGIAGLLTWLTERRAVRPRRKRRAHEQAVAAVVRAHLWARSLYPWQVHCLSGSAGLVTHLWHLGIMAEFVIGVQKYPFIAHAWVEFNCEVINDRVEVSSGLARIVSI
mcyB	VJWX01000327.1	36.207	58	36	1	127	184	4163	3993	4.5	39.7	GCLQRSIATALLCRFHGVWPTWRVGVRVDPFAAHAWVEADGVPVGE-PHPPGSYRPIL
mcyB	NZ_VJWX01000327.1	36.207	58	36	1	127	184	4163	3993	4.5	39.7	GCLQRSIATALLCRFHGVWPTWRVGVRVDPFAAHAWVEADGVPVGE-PHPPGSYRPIL
mcyB	MSKV01000001.1	42.553	47	26	1	127	172	153162	153302	4.7	39.3	ACLIRSVAAMLLCRQRGYAPTWCVGVVATPPFAAHAWIEADDRIVDE
mcyB	NZ_MSKV01000001.1	42.553	47	26	1	127	172	153162	153302	4.7	39.3	ACLIRSVAAMLLCRQRGYAPTWCVGVVATPPFAAHAWIEADDRIVDE
mcyB	RDTC01000001.1	31.683	101	62	3	84	184	3386903	3387184	4.8	39.3	LRKVLEFTRRGA---RPATADQALAAREAVVSV---SLRCAGQGCLQRSIATALLCRARGAWPTWCTGVRTHPFAAHAWVEADNHPIGE-PHPKGHYKPLI
mcyB	NZ_RDTC01000001.1	31.683	101	62	3	84	184	3386903	3387184	4.8	39.3	LRKVLEFTRRGA---RPATADQALAAREAVVSV---SLRCAGQGCLQRSIATALLCRARGAWPTWCTGVRTHPFAAHAWVEADNHPIGE-PHPKGHYKPLI
mcyB	CP029042.1	31.683	101	62	3	84	184	5161451	5161170	4.8	39.3	LRKVLEFTRRGA---RPATADQALAAREAVVSV---SLRCAGQGCLQRSIATALLCRARGAWPTWCTGVRTHPFAAHAWVEADNHPIGE-PHPKGHYKPLI
mcyB	NZ_CP029042.1	31.683	101	62	3	84	184	5161451	5161170	4.8	39.3	LRKVLEFTRRGA---RPATADQALAAREAVVSV---SLRCAGQGCLQRSIATALLCRARGAWPTWCTGVRTHPFAAHAWVEADNHPIGE-PHPKGHYKPLI
mcyB	MT149903.1	32.039	103	63	3	84	186	2600	2887	4.8	39.3	LRKVLEFTRRGA---RPATADQALAAREAVVSV---SLRCAGQGCLQRSIATALLCRARGAWPTWCTGVRTHPFAAHAWVEADSHPVGE-PHPKGHYKPLIAI
mcyB	KL592603.1	37.288	59	36	1	128	186	41395	41222	4.9	39.3	CLQRSLATALLCRLGGAWPTWCTGVRTPPFAAHAWVEADGRRVGEPED-TADYRTLLTV
mcyB	NZ_QUAC01000246.1	40.816	49	29	0	128	176	19386	19240	5.1	39.3	CLQRSLATALLCRLRGAWPTWCTGVRTPPFAAHAWVEADGQRVGESEDA
mcyB	CP049782.1	32.039	103	63	3	84	186	3878480	3878767	5.3	39.3	LRKVLEFTRRGA---RPATADQALAAREAVVSV---SLRCAGQGCLQRSIATALLCRARGAWPTWCTGVRTHPFAAHAWVEADSHPVGE-PHPKGHYKPLIAI
mcyB	UWOA01000023.1	36.207	58	37	0	128	185	30971	31144	5.4	39.3	CLPRSLALTSFLRAAGWPAQHVIGVALYPFEAHAWVELDGVALKESASVLHRFTVIQR
mcyB	NZ_JACHJK010000012.1	33.333	117	70	3	58	172	307898	308230	5.4	39.3	RRLPPHRRVVPLLVVGVARLLAKVRPARLRAVLEFARRGAA---PATFDQALAAREAVVSV---SLRCAGQGCLQRSIATALLCRVRGSWPTWCTGVRTHPFAAHAWVEAEDRLVGE
mcyB	NZ_VMNX01000005.1	33.333	90	45	3	108	184	84387	84124	5.5	39.3	VARGARPAGHDRALRARRAVTTVSAVCAGREGCLPRSVATALLCRARGEWPTWCVGVRSAPPFGAHAWVEADGRLVGE--ELPQDYFQVL
mcyB	SSGD01000034.1	36.207	58	37	0	128	185	46382	46209	5.7	39.3	CLPRSLALTSFLRAAGWPAQHVIGVALYPFEAHAWVELDGVALKESASVLHRFTVIQR
mcyB	LASW02000017.1	36.207	58	37	0	128	185	16249	16076	5.7	39.3	CLPRSLALTSFLRAAGWPAQHVIGVALYPFEAHAWVELDGVALKESASVLHRFTVIQR
mcyB	NZ_LASW02000017.1	36.207	58	37	0	128	185	16249	16076	5.7	39.3	CLPRSLALTSFLRAAGWPAQHVIGVALYPFEAHAWVELDGVALKESASVLHRFTVIQR
mcyB	MVHH01000019.1	36.207	58	37	0	128	185	16177	16004	5.7	39.3	CLPRSLALTSFLRAAGWPAQHVIGVALYPFEAHAWVELDGVALKESASVLHRFTVIQR
mcyB	NZ_MVHH01000019.1	36.207	58	37	0	128	185	16177	16004	5.7	39.3	CLPRSLALTSFLRAAGWPAQHVIGVALYPFEAHAWVELDGVALKESASVLHRFTVIQR
mcyB	MSRS01000022.1	38.333	60	33	1	127	186	194848	195015	5.7	39.3	GCLPRSIAIALVARMYGYGVTWCTGVKDNPFVAHAWVEIDGKPIGE----VSDLSKFNRL
mcyB	NZ_MSRS01000022.1	38.333	60	33	1	127	186	194848	195015	5.7	39.3	GCLPRSIAIALVARMYGYGVTWCTGVKDNPFVAHAWVEIDGKPIGE----VSDLSKFNRL
mcyB	BNCA01000014.1	30.693	101	63	3	84	184	95677	95396	5.8	39.3	LRTVLEFARRGAPPATPDQALAA---RDAVVSV---SLRCAGQGCLQRSIATALLCRAHGSWPTWCTGIRTHPFAAHAWVEADDQPIGE-PHPKGHYKPLI
mcyB	NZ_BNCA01000014.1	30.693	101	63	3	84	184	95677	95396	5.8	39.3	LRTVLEFARRGAPPATPDQALAA---RDAVVSV---SLRCAGQGCLQRSIATALLCRAHGSWPTWCTGIRTHPFAAHAWVEADDQPIGE-PHPKGHYKPLI
mcyB	BMSX01000003.1	28.235	85	60	1	104	187	270885	270631	5.8	39.3	SAEDVARLKRAVTSHARSSWFVNDDCKAEAVTAFVLLRRRGLKAVLHVGVREHPFALHAWTSSAGLCIPDADPRGHAFTPVLSID
mcyB	NZ_BMSX01000003.1	28.235	85	60	1	104	187	270885	270631	5.8	39.3	SAEDVARLKRAVTSHARSSWFVNDDCKAEAVTAFVLLRRRGLKAVLHVGVREHPFALHAWTSSAGLCIPDADPRGHAFTPVLSID
mcyB	NZ_JADLRF010000001.1	40.816	49	28	1	125	172	501022	501168	5.8	39.3	RYGCLTRSVATTLLSRRYGAWTTWCVGVRTELPFAAHAWVEADGKLVGE
mcyB	BLIO01000001.1	30.693	101	63	3	84	184	4309341	4309060	5.8	39.3	LRTVLEFARRGAPPATPDQALAA---RDAVVSV---SLRCAGQGCLQRSIATALLCRAHGSWPTWCTGIRTHPFAAHAWVEADDQPIGE-PHPKGHYKPLI
mcyB	NZ_BLIO01000001.1	30.693	101	63	3	84	184	4309341	4309060	5.8	39.3	LRTVLEFARRGAPPATPDQALAA---RDAVVSV---SLRCAGQGCLQRSIATALLCRAHGSWPTWCTGIRTHPFAAHAWVEADDQPIGE-PHPKGHYKPLI
mcyB	BDBN01000087.1	40.816	49	28	1	125	172	21864	21718	5.9	39.3	RYGCLTRSVATTLLSRRYGAWTTWCVGVRTELPFAAHAWVEADGKLVGE
mcyB	NZ_BDBN01000087.1	40.816	49	28	1	125	172	21864	21718	5.9	39.3	RYGCLTRSVATTLLSRRYGAWTTWCVGVRTELPFAAHAWVEADGKLVGE
mcyB	PYHS01000016.1	40.816	49	28	1	125	172	161833	161979	6.1	39.3	RYGCLTRSVATTLLSRRYGAWTTWCVGVRTELPFAAHAWVEADGKLVGE
mcyB	NZ_PYHS01000016.1	40.816	49	28	1	125	172	161833	161979	6.1	39.3	RYGCLTRSVATTLLSRRYGAWTTWCVGVRTELPFAAHAWVEADGKLVGE
mcyB	BDBF01000011.1	40.816	49	28	1	125	172	46125	45979	6.1	39.3	RYGCLTRSVATTLLSRRYGAWTTWCVGVRTELPFAAHAWVEADGKLVGE
mcyB	NZ_BDBF01000011.1	40.816	49	28	1	125	172	46125	45979	6.1	39.3	RYGCLTRSVATTLLSRRYGAWTTWCVGVRTELPFAAHAWVEADGKLVGE
mcyB	NZ_JADLPS010000002.1	40.816	49	28	1	125	172	114394	114248	6.1	39.3	RYGCLTRSVATTLLSRRYGAWTTWCVGVRTELPFAAHAWVEADGKLVGE
mcyB	CP065959.1	28.723	94	64	1	91	184	290887	290615	6.2	39.3	LRLISVRARPAGHEQALRARKAVVAA---SVRCAGPWCLPRSIATALLCRAGGTWPDWHTGVCAEPFRAHAWVVADGEPVGESNASLVPFHSVI
mcyB	NZ_CP065959.1	28.723	94	64	1	91	184	290887	290615	6.2	39.3	LRLISVRARPAGHEQALRARKAVVAA---SVRCAGPWCLPRSIATALLCRAGGTWPDWHTGVCAEPFRAHAWVVADGEPVGESNASLVPFHSVI
mcyB	CP063814.1	33.333	63	40	2	127	188	561257	561442	6.3	38.9	ACLVRSTAVALLCRLRGSWADWCVGVMAEPPFQAHAWAEAEGRIVDEAGER-DELRELFRVEI
mcyB	NZ_CP063814.1	33.333	63	40	2	127	188	561257	561442	6.3	38.9	ACLVRSTAVALLCRLRGSWADWCVGVMAEPPFQAHAWAEAEGRIVDEAGER-DELRELFRVEI
mcyB	NZ_QUAC01000042.1	27.778	90	64	1	99	187	25112	24843	6.3	38.9	RADLPSAEEVGRLKRAVQSHSRRSWFVNGDCKSEALTAFVLLRRCGLKAVLHVGVHEHPFALHAWTASGGLCIPDADPRGHAFTPVLSID
mcyB	PSZD01000007.1	40.816	49	28	1	125	172	217693	217839	6.3	38.9	RYGCLTRSVATTLLSRRYGAWTTWCVGVRTELPFAAHAWVEADGKLVGE
mcyB	NZ_PSZD01000007.1	40.816	49	28	1	125	172	217693	217839	6.3	38.9	RYGCLTRSVATTLLSRRYGAWTTWCVGVRTELPFAAHAWVEADGKLVGE
mcyB	PSZB01000004.1	40.816	49	28	1	125	172	219938	219792	6.3	38.9	RYGCLTRSVATTLLSRRYGAWTTWCVGVRTELPFAAHAWVEADGKLVGE
mcyB	NZ_PSZB01000004.1	40.816	49	28	1	125	172	219938	219792	6.3	38.9	RYGCLTRSVATTLLSRRYGAWTTWCVGVRTELPFAAHAWVEADGKLVGE
mcyB	PSYZ01000009.1	40.816	49	28	1	125	172	217610	217756	6.5	38.9	RYGCLTRSVATTLLSRRYGAWTTWCVGVRTELPFAAHAWVEADGKLVGE
mcyB	NZ_PSYZ01000009.1	40.816	49	28	1	125	172	217610	217756	6.5	38.9	RYGCLTRSVATTLLSRRYGAWTTWCVGVRTELPFAAHAWVEADGKLVGE
mcyB	NZ_AUWR01000032.1	36.207	58	37	0	128	185	33514	33341	6.7	38.9	CLPRSLALTSFLRAAGWPAQHVIGVALYPFEAHAWVELDGVALKESASVLHRFTVIQR
mcyB	BMTP01000002.1	34.444	90	53	3	84	172	422747	422493	6.7	38.9	IRAVLEFVRRGA---RPATAGRAQAARDAVCAVSLRCAGPR--GCLPRSLGAALLCRLTGTWPTWCTGVSVVPPFNAHAWIEAEGRPVGE
mcyB	NZ_BMTP01000002.1	34.444	90	53	3	84	172	422747	422493	6.7	38.9	IRAVLEFVRRGA---RPATAGRAQAARDAVCAVSLRCAGPR--GCLPRSLGAALLCRLTGTWPTWCTGVSVVPPFNAHAWIEAEGRPVGE
mcyB	JRMM01000002.1	36.207	58	37	0	128	185	32587	32414	6.7	38.9	CLPRSLALTSFLRAAGWPAQHVIGVALYPFEAHAWVELDGVALKESASVLHRFTVIQR
mcyB	JOAS01002737.1	28.125	96	68	1	93	187	902	615	6.8	38.5	AAPAYARADTPSAQEVRRLKRAILAHSRRSWLVDGDCKSEAVTAFLLLRRSGLQAVLHIGVREHPFALHAWTVSAGLCIPDADPRGHAFEPVLTID
mcyB	MH733622.1	35.484	62	38	2	127	187	232	414	7.0	37.4	GCLPRSIAVALLCRLRGQWPTWCVGVRNSPPFAAHAWVESEGEIVGETA-SPSTYAPLVRVG
mcyB	BMRP01000002.1	28.333	60	43	0	128	187	409112	409291	7.5	38.9	CKSEAVTAFVLLRRRGLKAVLHVGVHEHPFALHAWTTSGGLCIPDADPRGHAFTPVLSID
mcyB	NZ_BMRP01000002.1	28.333	60	43	0	128	187	409112	409291	7.5	38.9	CKSEAVTAFVLLRRRGLKAVLHVGVHEHPFALHAWTTSGGLCIPDADPRGHAFTPVLSID
mcyB	SMKI01000022.1	29.286	140	88	4	48	186	23894	24283	7.5	38.9	RLESASAPPWRLRPPARLAAGIAR---LLARLPPARLRRVLAF----ASRGARPASAPQALRARNAVVYV---SLACAGPRCLQRSIATALLCRLGGTWPQWCTGVATEPFAAHAWVAVDGEPVGEDTGHVRAFHVIMSV
mcyB	NZ_SMKI01000022.1	29.286	140	88	4	48	186	23894	24283	7.5	38.9	RLESASAPPWRLRPPARLAAGIAR---LLARLPPARLRRVLAF----ASRGARPASAPQALRARNAVVYV---SLACAGPRCLQRSIATALLCRLGGTWPQWCTGVATEPFAAHAWVAVDGEPVGEDTGHVRAFHVIMSV
mcyB	NZ_JACCFS010000001.1	30.097	103	64	3	83	181	967922	968218	7.5	38.9	PTRTRLARIRSLALGPRRQYRTDVAEAGNAVRAVRGVGRVLPLRV---ACLEEATASALALRWTGYRALWRHGVATDPVRLHAWIEVDGHPVGESDD-ITDYT
mcyB	CP032266.1	28.723	94	64	1	91	184	7941969	7942241	7.6	38.9	LRLISVRARPAGHEQALRARKAVVAA---SVRCAGPWCLPRSIATALLCRVGGTWPDWHTGVCAEPFRAHAWVVADGEPVGESNASLVPFHSVI
mcyB	CP015588.1	28.723	94	64	1	91	184	8359986	8360258	7.6	38.9	LRLISVRARPAGHEQALRARKAVVAA---SVRCAGPWCLPRSIATALLCRVGGTWPDWHTGVCAEPFRAHAWVVADGEPVGESNASLVPFHSVI
mcyB	LACP01000003.1	32.673	101	61	3	84	184	359688	359407	7.6	38.9	LRKVLEFTRRGA---RPATADQALAAREAVVSV---SLRCAGQGCLQRSIATALLCRARGAWPTWCTGVRTHPFAAHAWVEADNHPVGEP-HPKGHYKPLI
mcyB	NZ_LACP01000003.1	32.673	101	61	3	84	184	359688	359407	7.6	38.9	LRKVLEFTRRGA---RPATADQALAAREAVVSV---SLRCAGQGCLQRSIATALLCRARGAWPTWCTGVRTHPFAAHAWVEADNHPVGEP-HPKGHYKPLI
mcyB	NZ_WWIU01000003.1	32.673	101	61	3	84	184	359688	359407	7.6	38.9	LRKVLEFTRRGA---RPATADQALAAREAVVSV---SLRCAGQGCLQRSIATALLCRARGAWPTWCTGVRTHPFAAHAWVEADNHPVGEP-HPKGHYKPLI
mcyB	BAOX01000027.1	29.915	117	78	3	72	187	8454	8113	8.0	38.9	SVGIAKGLSRMPPNSLRSVLERIAAGARPATYEEARLARDAVLTASPYSRGGS--ACLPRSLATALVCRARGTWPQWCVGVLSSPPFTAHAWIEVDGVIV-DEPMAKSDFSTFFSVS
mcyB	REFU01000001.1	29.915	117	78	3	72	187	4130651	4130992	8.1	38.9	SVGIAKGLSRMPPNSLRSVLERIAAGARPATYEEARLARDAVLTASPYSRGGS--ACLPRSLATALVCRARGTWPQWCVGVLSSPPFTAHAWIEVDGVIV-DEPMAKSDFSTFFSVS
mcyB	NZ_REFU01000001.1	29.915	117	78	3	72	187	4130651	4130992	8.1	38.9	SVGIAKGLSRMPPNSLRSVLERIAAGARPATYEEARLARDAVLTASPYSRGGS--ACLPRSLATALVCRARGTWPQWCVGVLSSPPFTAHAWIEVDGVIV-DEPMAKSDFSTFFSVS
mcyB	LEKI01000007.1	28.916	83	53	3	108	187	69870	69631	8.3	38.9	VEMCAIMISHLRGVRIE---CVE*ADCVNLAHVFFDFVGSEPFDSGCLARGVFLAAEWLAAEDKCDDSAGHVLVDARELFYLD
mcyB	NZ_LEKI01000007.1	28.916	83	53	3	108	187	69870	69631	8.3	38.9	VEMCAIMISHLRGVRIE---CVE*ADCVNLAHVFFDFVGSEPFDSGCLARGVFLAAEWLAAEDKCDDSAGHVLVDARELFYLD
mcyB	NOYG01000027.1	30.172	116	77	3	72	186	174980	174642	8.3	38.9	SVGIAKGLSRMPPNSLRSVLERIAAGARPATYEEARLARDAVLTASPYSRGGS--ACLPRSLATALVCRARGTWPQWCVGVLSSPPFTAHAWIEVDGVIV-DEPMAKSDFSTFFSV
mcyB	NZ_NOYG01000027.1	30.172	116	77	3	72	186	174980	174642	8.3	38.9	SVGIAKGLSRMPPNSLRSVLERIAAGARPATYEEARLARDAVLTASPYSRGGS--ACLPRSLATALVCRARGTWPQWCVGVLSSPPFTAHAWIEVDGVIV-DEPMAKSDFSTFFSV
mcyB	NOYH01000013.1	30.172	116	77	3	72	186	733796	733458	8.3	38.9	SVGIAKGLSRMPPNSLRSVLERIAAGARPATYEEARLARDAVLTASPYSRGGS--ACLPRSLATALVCRARGTWPQWCVGVLSSPPFTAHAWIEVDGVIV-DEPMAKSDFSTFFSV
mcyB	NZ_NOYH01000013.1	30.172	116	77	3	72	186	733796	733458	8.3	38.9	SVGIAKGLSRMPPNSLRSVLERIAAGARPATYEEARLARDAVLTASPYSRGGS--ACLPRSLATALVCRARGTWPQWCVGVLSSPPFTAHAWIEVDGVIV-DEPMAKSDFSTFFSV
mcyB	KL592475.1	28.125	96	68	1	93	187	4995	4708	8.4	38.5	AAPAYARADTPSAQEVRRLKRAILAHSRRSWLVDGDCKSEAVTAFLLLRRSGLQAVLHIGVREHPFALHAWTVSAGLCIPDADPRGHAFEPVLTID
mcyB	JNXR01000039.1	28.125	96	68	1	93	187	40987	40700	8.6	38.5	AAPAYARADTPSAQEVRRLKRAILAHSRRSWLVDGDCKSEAVTAFLLLRRSGLQAVLHIGVREHPFALHAWTVSAGLCIPDADPRGHAFEPVLTID
mcyB	NZ_JNXR01000039.1	28.125	96	68	1	93	187	40987	40700	8.6	38.5	AAPAYARADTPSAQEVRRLKRAILAHSRRSWLVDGDCKSEAVTAFLLLRRSGLQAVLHIGVREHPFALHAWTVSAGLCIPDADPRGHAFEPVLTID
mcyB	NZ_JACOQB010000003.1	36.538	52	33	0	127	178	170495	170650	8.7	38.5	GCLQRSIAMMLLARFYSIPLVWRSGFRINPFVAHAWVEFDDRPVGETLNLSE
mcyB	LMWT01000041.1	28.235	85	60	1	104	187	86632	86886	9.0	38.5	SAEDVERLKRAVRSHSRSSWFVNDDCKTEAVTAFVLLRRCGLKAVLHVGVREHPFALHAWTSSAGLCIPDADPRGHAFAPVLSIS
mcyB	BAVY01000028.1	28.235	85	60	1	104	187	129804	130058	9.0	38.5	SAEDVERLKRAVRSHSRSSWFVNDDCKTEAVTAFVLLRRCGLKAVLHVGVREHPFALHAWTSSAGLCIPDADPRGHAFAPVLSIS
mcyB	NZ_BAVY01000028.1	28.235	85	60	1	104	187	129804	130058	9.0	38.5	SAEDVERLKRAVRSHSRSSWFVNDDCKTEAVTAFVLLRRCGLKAVLHVGVREHPFALHAWTSSAGLCIPDADPRGHAFAPVLSIS
mcyB	KQ948594.1	28.235	85	60	1	104	187	142556	142810	9.0	38.5	SAEDVERLKRAVRSHSRSSWFVNDDCKTEAVTAFVLLRRCGLKAVLHVGVREHPFALHAWTSSAGLCIPDADPRGHAFAPVLSIS
mcyB	NZ_KQ948594.1	28.235	85	60	1	104	187	142556	142810	9.0	38.5	SAEDVERLKRAVRSHSRSSWFVNDDCKTEAVTAFVLLRRCGLKAVLHVGVREHPFALHAWTSSAGLCIPDADPRGHAFAPVLSIS
mcyB	MTJO01000015.1	28.235	85	60	1	104	187	194995	194741	9.0	38.5	SAEDVERLKRAVRSHSRSSWFVNDDCKTEAVTAFVLLRRCGLKAVLHVGVREHPFALHAWTSSAGLCIPDADPRGHAFAPVLSIS
mcyB	NZ_MTJO01000015.1	28.235	85	60	1	104	187	194995	194741	9.0	38.5	SAEDVERLKRAVRSHSRSSWFVNDDCKTEAVTAFVLLRRCGLKAVLHVGVREHPFALHAWTSSAGLCIPDADPRGHAFAPVLSIS
mcyB	NZ_JAASAC010000014.1	35.165	91	51	3	84	172	359813	360067	9.0	38.5	IRAVLRVLRRGAAPATAVQAQAARDALCAV------SLRCTGPKGCLPRSLGAALLCRLRGTWPTWCAGVRVVPPFTAHAWIEAEGSLVGE
mcyB	BNBK01000001.1	35.165	91	51	3	84	172	487262	487008	9.0	38.5	IRAVLRVLRRGAAPATAVQAQAARDALCAV------SLRCTGPKGCLPRSLGAALLCRLRGTWPTWCAGVRVVPPFTAHAWIEAEGSLVGE
mcyB	NZ_BNBK01000001.1	35.165	91	51	3	84	172	487262	487008	9.0	38.5	IRAVLRVLRRGAAPATAVQAQAARDALCAV------SLRCTGPKGCLPRSLGAALLCRLRGTWPTWCAGVRVVPPFTAHAWIEAEGSLVGE
mcyB	QXDE01000003.1	30.000	60	42	0	128	187	300593	300414	9.0	38.5	CKSEAVTAFVLLRRCGLKAVLHVGVHEHPFALHAWTASGGLCVPDAVPRGHTFTPVLLID
mcyB	NZ_QXDE01000003.1	30.000	60	42	0	128	187	300593	300414	9.0	38.5	CKSEAVTAFVLLRRCGLKAVLHVGVHEHPFALHAWTASGGLCVPDAVPRGHTFTPVLLID
mcyB	JZJK01000086.1	28.235	85	60	1	104	187	924254	924000	9.0	38.5	SAEDVERLKRAVRSHSRSSWFVNDDCKTEAVTAFVLLRRCGLKAVLHVGVREHPFALHAWTSSAGLCIPDADPRGHAFAPVLSIS
mcyB	NZ_JZJK01000086.1	28.235	85	60	1	104	187	924254	924000	9.0	38.5	SAEDVERLKRAVRSHSRSSWFVNDDCKTEAVTAFVLLRRCGLKAVLHVGVREHPFALHAWTSSAGLCIPDADPRGHAFAPVLSIS
mcyB	PEFI01000002.1	30.000	60	42	0	128	187	402053	402232	9.0	38.5	CKSEAVTAFVLLRRCGLKAVLHVGVHEHPFALHAWTASGGLCVPDAVPRGHTFTPVLLID
mcyB	NZ_PEFI01000002.1	30.000	60	42	0	128	187	402053	402232	9.0	38.5	CKSEAVTAFVLLRRCGLKAVLHVGVHEHPFALHAWTASGGLCVPDAVPRGHTFTPVLLID
mcyB	FNSB01000002.1	30.000	60	42	0	128	187	1421076	1420897	9.0	38.5	CKSEAVTAFVLLRRCGLKAVLHVGVHEHPFALHAWTASGGLCVPDAVPRGHTFTPVLLID
mcyB	NZ_FNSB01000002.1	30.000	60	42	0	128	187	1421076	1420897	9.0	38.5	CKSEAVTAFVLLRRCGLKAVLHVGVHEHPFALHAWTASGGLCVPDAVPRGHTFTPVLLID
mcyB	BJHZ01000001.1	28.235	85	60	1	104	187	6510761	6511015	9.0	38.5	SAEDVERLKRAVRSHSRSSWFVNDDCKTEAVTAFVLLRRCGLKAVLHVGVREHPFALHAWTSSAGLCIPDADPRGHAFAPVLSIS
mcyB	NZ_BJHZ01000001.1	28.235	85	60	1	104	187	6510761	6511015	9.0	38.5	SAEDVERLKRAVRSHSRSSWFVNDDCKTEAVTAFVLLRRCGLKAVLHVGVREHPFALHAWTSSAGLCIPDADPRGHAFAPVLSIS
mcyB	FNKS01000001.1	30.000	60	42	0	128	187	7597292	7597113	9.0	38.5	CKSEAVTAFVLLRRCGLKAVLHVGVHEHPFALHAWTASGGLCVPDAVPRGHTFTPVLLID
mcyB	NZ_FNKS01000001.1	30.000	60	42	0	128	187	7597292	7597113	9.0	38.5	CKSEAVTAFVLLRRCGLKAVLHVGVHEHPFALHAWTASGGLCVPDAVPRGHTFTPVLLID
mcyB	FYEY01000001.1	30.000	60	42	0	128	187	402391	402570	9.0	38.5	CKSEAVTAFVLLRRCGLKAVLHVGVHEHPFALHAWTASGGLCVPDAVPRGHTFTPVLLID
mcyB	NZ_FYEY01000001.1	30.000	60	42	0	128	187	402391	402570	9.0	38.5	CKSEAVTAFVLLRRCGLKAVLHVGVHEHPFALHAWTASGGLCVPDAVPRGHTFTPVLLID
mcyB	NSGX01000001.1	30.000	60	42	0	128	187	398055	398234	9.0	38.5	CKSEAVTAFVLLRRCGLKAVLHVGVHEHPFALHAWTASGGLCVPDAVPRGHTFTPVLLID
mcyB	NZ_NSGX01000001.1	30.000	60	42	0	128	187	398055	398234	9.0	38.5	CKSEAVTAFVLLRRCGLKAVLHVGVHEHPFALHAWTASGGLCVPDAVPRGHTFTPVLLID
mcyB	FNTM01000001.1	30.000	60	42	0	128	187	400754	400933	9.0	38.5	CKSEAVTAFVLLRRCGLKAVLHVGVHEHPFALHAWTASGGLCVPDAVPRGHTFTPVLLID
mcyB	NZ_FNTM01000001.1	30.000	60	42	0	128	187	400754	400933	9.0	38.5	CKSEAVTAFVLLRRCGLKAVLHVGVHEHPFALHAWTASGGLCVPDAVPRGHTFTPVLLID
mcyB	BA000030.4	28.235	85	60	1	104	187	2672902	2672648	9.0	38.5	SAEDVERLKRAVRSHSRSSWFVNDDCKTEAVTAFVLLRRCGLKAVLHVGVREHPFALHAWTSSAGLCIPDADPRGHAFAPVLSIS
mcyB	NC_003155.5	28.235	85	60	1	104	187	2672902	2672648	9.0	38.5	SAEDVERLKRAVRSHSRSSWFVNDDCKTEAVTAFVLLRRCGLKAVLHVGVREHPFALHAWTSSAGLCIPDADPRGHAFAPVLSIS
mcyB	NZ_WWIN01000001.1	28.235	85	60	1	104	187	2672902	2672648	9.0	38.5	SAEDVERLKRAVRSHSRSSWFVNDDCKTEAVTAFVLLRRCGLKAVLHVGVREHPFALHAWTSSAGLCIPDADPRGHAFAPVLSIS
mcyB	BJHX01000001.1	28.235	85	60	1	104	187	1467136	1466882	9.0	38.5	SAEDVERLKRAVRSHSRSSWFVNDDCKTEAVTAFVLLRRCGLKAVLHVGVREHPFALHAWTSSAGLCIPDADPRGHAFAPVLSIS
mcyB	NZ_BJHX01000001.1	28.235	85	60	1	104	187	1467136	1466882	9.0	38.5	SAEDVERLKRAVRSHSRSSWFVNDDCKTEAVTAFVLLRRCGLKAVLHVGVREHPFALHAWTSSAGLCIPDADPRGHAFAPVLSIS
mcyB	BJHY01000001.1	28.235	85	60	1	104	187	7602069	7602323	9.0	38.5	SAEDVERLKRAVRSHSRSSWFVNDDCKTEAVTAFVLLRRCGLKAVLHVGVREHPFALHAWTSSAGLCIPDADPRGHAFAPVLSIS
mcyB	AP019621.1	28.235	85	60	1	104	187	2662173	2661919	9.0	38.5	SAEDVERLKRAVRSHSRSSWFVNDDCKTEAVTAFVLLRRCGLKAVLHVGVREHPFALHAWTSSAGLCIPDADPRGHAFAPVLSIS
mcyB	LGDD01000321.1	32.407	108	65	3	67	172	25548	25243	9.1	38.5	RAVLPAAYLIARLPPRRILALLTFLRRGAVPATPGRAHAARDALCAA------SLFCAGPRGCLPRSLGAALLCRLWGVWPTWCTGIRAVPPFSAHAWIEVDGRPIGE
mcyB	NZ_LGDD01000321.1	32.407	108	65	3	67	172	25548	25243	9.1	38.5	RAVLPAAYLIARLPPRRILALLTFLRRGAVPATPGRAHAARDALCAA------SLFCAGPRGCLPRSLGAALLCRLWGVWPTWCTGIRAVPPFSAHAWIEVDGRPIGE
mcyB	BBPQ01000048.1	34.409	93	55	2	84	176	25360	25620	9.4	38.5	LRRVLEFARR---GGRPASGEEARRARDEVVAVSMRCAGNN---CLQRSIAAALLCRARGAWPTWCTGVRTHPFAAHAWIQVDDEPVGEPHPA
mcyB	NZ_BBPQ01000048.1	34.409	93	55	2	84	176	25360	25620	9.4	38.5	LRRVLEFARR---GGRPASGEEARRARDEVVAVSMRCAGNN---CLQRSIAAALLCRARGAWPTWCTGVRTHPFAAHAWIQVDDEPVGEPHPA
mcyB	MSZZ01000049.1	36.000	50	32	0	127	176	15774	15923	9.6	38.5	GCLQRAIAVALLCRLRGMWPTWHVGVRIEPFGAHAWVEADGVPVDEQQPA
mcyB	KZ084337.1	36.000	50	32	0	127	176	26418	26567	9.6	38.5	GCLQRAIAVALLCRLRGMWPTWHVGVRIEPFGAHAWVEADGVPVDEQQPA
mcyB	FNTP01000001.1	30.000	60	42	0	128	187	7671163	7670984	9.6	38.5	CKSEAVTAFVLLRRCGLKAVLHVGVHEHPFALHAWTASGGLCVPDAVPRGHTFTPVLLID
mcyB	NZ_FNTP01000001.1	30.000	60	42	0	128	187	7671163	7670984	9.6	38.5	CKSEAVTAFVLLRRCGLKAVLHVGVHEHPFALHAWTASGGLCVPDAVPRGHTFTPVLLID
mcyB	RAPL01000001.1	30.000	60	42	0	128	187	418723	418902	9.6	38.5	CKSEAVTAFVLLRRCGLKAVLHVGVHEHPFALHAWTASGGLCVPDAVPRGHTFTPVLLID
mcyB	NZ_RAPL01000001.1	30.000	60	42	0	128	187	418723	418902	9.6	38.5	CKSEAVTAFVLLRRCGLKAVLHVGVHEHPFALHAWTASGGLCVPDAVPRGHTFTPVLLID
mcyB	NZ_JACSPY010000012.1	36.508	63	38	2	127	188	15094	14909	9.7	38.5	ACLVRSLATALYCRMRGYWPTWSVGVLAVPPFAAHAWVEAEGRIVDEPLSAT-DYRAFFKVAV
mcyB	JODG01000126.1	30.000	60	42	0	128	187	3341	3520	9.8	38.5	CKSEAVTAFVLLRRRGLKATLHVGVREHPFAMHAWTTSAGLSIPDADPRGHAFTPVLSID
mcyB	NZ_JODG01000126.1	30.000	60	42	0	128	187	3341	3520	9.8	38.5	CKSEAVTAFVLLRRRGLKATLHVGVREHPFAMHAWTTSAGLSIPDADPRGHAFTPVLSID
